Strategy,Price_Period,Price Delta,% Price Delta,Starting USD,Starting ETH,Ending USD,Ending ETH,Total Value in USD,Total Value % Increase,Returns in USD,Mean Annual % Return,Median Annual % Return,Final Annual % Return,Median-Mean % Return,Trades Made,Fees Paid,Flat Return Per Trade,% Return Per Trade,Sharpe of Returns,Sortino of Returns,Std of Price
DCA every 1.0 hour,2018-2021_price_data.csv,2963.4641,493.4676,10000.0,0.0,0.0,27.8406,103473.3904,934.7339,93473.3904,45.3883,-9.2925,233.6837,-54.6808,35064,30.0,2.6658,0.0067,0.3197,0.6141,1194.43
DCA every 1 day,2018-2021_price_data.csv,2963.4641,493.4676,10000.0,0.0,0.0,27.8584,103539.4119,935.3941,93539.4119,45.4161,-9.2836,233.8488,-54.6997,1461,30.0,64.0242,0.1601,0.3199,0.6145,1194.43
DCA every 7 days,2018-2021_price_data.csv,2963.4641,493.4676,10000.0,0.0,0.0,27.8828,103630.1751,936.3018,93630.1751,45.4092,-9.2966,234.0757,-54.7059,209,30.0,447.9913,1.12,0.32,0.6145,1194.43
DCA every 14 days,2018-2021_price_data.csv,2963.4641,493.4676,10000.0,0.0,0.0,27.801,103326.1546,933.2615,93326.1546,45.2952,-9.2713,233.3156,-54.5665,105,30.0,888.8205,2.2221,0.3197,0.613,1194.43
DCA every 28 days,2018-2021_price_data.csv,2963.4641,493.4676,10000.0,0.0,0.0,27.8559,103530.0597,935.3006,93530.0597,45.569,-9.178,233.8254,-54.747,53,30.0,1764.7181,4.4118,0.3215,0.6172,1194.43
DCA every 1.0 hour,2018_price_data.csv,-618.9297,17.8229,10000.0,0.0,0.0,27.1756,3647.9507,-63.5205,-6352.0493,-3.5306,-50.5233,-63.5642,-46.9926,8760,30.0,-0.7251,-0.0073,-0.0326,-0.0554,296.85
DCA every 1 day,2018_price_data.csv,-618.9297,17.8229,10000.0,0.0,0.0,27.1608,3645.9639,-63.5404,-6354.0361,-3.7795,-50.5547,-63.5841,-46.7753,365,30.0,-17.4083,-0.1742,-0.0339,-0.0575,296.85
DCA every 7 days,2018_price_data.csv,-618.9297,17.8229,10000.0,0.0,0.0,27.071,3633.9124,-63.6609,-6366.0876,-4.659,-50.8289,-63.7047,-46.1699,53,30.0,-120.1149,-1.202,-0.0386,-0.0651,296.85
DCA every 14 days,2018_price_data.csv,-618.9297,17.8229,10000.0,0.0,0.0,27.7155,3720.4224,-62.7958,-6279.5776,-4.8362,-50.8702,-62.839,-46.034,27,30.0,-232.5769,-2.3274,-0.0396,-0.0668,296.85
DCA every 28 days,2018_price_data.csv,-618.9297,17.8229,10000.0,0.0,0.0,28.0471,3764.942,-62.3506,-6235.058,-3.3278,-49.7466,-62.3935,-46.4188,14,30.0,-445.3613,-4.4567,-0.0319,-0.054,296.85
DCA every 1.0 hour,2019-2021_price_data.csv,3582.2565,2765.8943,10000.0,0.0,0.0,46.3487,172260.8046,1622.608,162260.8046,176.3399,54.1174,540.7467,-122.2225,26304,30.0,6.1687,0.0206,0.7625,1.4862,1334.9
DCA every 1 day,2019-2021_price_data.csv,3582.2565,2765.8943,10000.0,0.0,0.0,46.3523,172274.3744,1622.7437,162274.3744,176.3426,54.1142,540.7919,-122.2284,1096,30.0,148.0606,0.4934,0.7624,1.4864,1334.9
DCA every 7 days,2019-2021_price_data.csv,3582.2565,2765.8943,10000.0,0.0,0.0,46.1974,171698.5551,1616.9856,161698.5551,175.6884,53.8233,538.8729,-121.8651,157,30.0,1029.9271,3.4323,0.7621,1.4867,1334.9
DCA every 14 days,2019-2021_price_data.csv,3582.2565,2765.8943,10000.0,0.0,0.0,46.0441,171128.7815,1611.2878,161128.7815,175.168,53.5664,536.9741,-121.6016,79,30.0,2039.6048,6.7971,0.7625,1.4709,1334.9
DCA every 28 days,2019-2021_price_data.csv,3582.2565,2765.8943,10000.0,0.0,0.0,46.0625,171197.1273,1611.9713,161197.1273,175.3967,53.799,537.2019,-121.5977,40,30.0,4029.9282,13.43,0.7634,1.4599,1334.9
DCA every 1.0 hour,2019_price_data.csv,-4.2804,96.8145,10000.0,0.0,0.0,63.6489,8280.2878,-17.1971,-1719.7122,36.9692,19.174,-17.209,-17.7952,8760,30.0,-0.1963,-0.002,0.3137,0.2488,50.43
DCA every 1 day,2019_price_data.csv,-4.2804,96.8145,10000.0,0.0,0.0,63.6282,8277.5915,-17.2241,-1722.4085,36.9028,19.1339,-17.2359,-17.7689,365,30.0,-4.7189,-0.0472,0.3137,0.2483,50.43
DCA every 7 days,2019_price_data.csv,-4.2804,96.8145,10000.0,0.0,0.0,63.4754,8257.713,-17.4229,-1742.287,36.7085,18.588,-17.4349,-18.1205,53,30.0,-32.8733,-0.329,0.3129,0.2464,50.43
DCA every 14 days,2019_price_data.csv,-4.2804,96.8145,10000.0,0.0,0.0,63.7889,8298.5034,-17.015,-1701.4966,37.2843,19.0493,-17.0267,-18.235,27,30.0,-63.0184,-0.6306,0.3199,0.2497,50.43
DCA every 28 days,2019_price_data.csv,-4.2804,96.8145,10000.0,0.0,0.0,64.0426,8331.5057,-16.6849,-1668.4943,37.8258,19.1021,-16.6964,-18.7237,14,30.0,-119.1782,-1.1926,0.327,0.2534,50.43
DCA every 1.0 hour,2020-2021_price_data.csv,3586.5442,2857.0597,10000.0,0.0,0.0,38.4428,142877.76,1328.7776,132877.76,363.0768,281.1119,663.9356,-81.9649,17544,30.0,7.574,0.0378,1.2114,1.0083,1434.12
DCA every 1 day,2020-2021_price_data.csv,3586.5442,2857.0597,10000.0,0.0,0.0,38.4312,142834.5575,1328.3456,132834.5575,362.9325,280.8461,663.7198,-82.0864,731,30.0,181.7162,0.908,1.2112,1.0079,1434.12
DCA every 7 days,2020-2021_price_data.csv,3586.5442,2857.0597,10000.0,0.0,0.0,38.223,142060.7782,1320.6078,132060.7782,360.5387,277.8151,659.8535,-82.7236,105,30.0,1257.7217,6.2843,1.2091,1.0061,1434.12
DCA every 14 days,2020-2021_price_data.csv,3586.5442,2857.0597,10000.0,0.0,0.0,37.8132,140537.6785,1305.3768,130537.6785,355.9106,274.3332,652.2432,-81.5774,53,30.0,2462.9751,12.3065,1.2052,1.0072,1434.12
DCA every 28 days,2020-2021_price_data.csv,3586.5442,2857.0597,10000.0,0.0,0.0,37.841,140641.1564,1306.4116,130641.1564,356.5986,272.0799,652.7602,-84.5187,27,30.0,4838.5613,24.1763,1.2075,0.9894,1434.12
DCA every 1.0 hour,2020_price_data.csv,607.4837,566.9868,10000.0,0.0,0.0,50.9071,37547.5343,275.4753,27547.5343,119.739,120.0587,274.9119,0.3197,8784,30.0,3.1361,0.0313,1.0215,0.3535,143.55
DCA every 1 day,2020_price_data.csv,607.4837,566.9868,10000.0,0.0,0.0,50.9072,37547.6261,275.4763,27547.6261,119.6327,119.9785,274.9128,0.3458,366,30.0,75.2667,0.7511,1.0209,0.3534,143.55
DCA every 7 days,2020_price_data.csv,607.4837,566.9868,10000.0,0.0,0.0,50.5451,37280.535,272.8054,27280.535,117.4623,118.2868,272.2474,0.8245,53,30.0,514.7271,5.1367,1.007,0.3514,143.55
DCA every 14 days,2020_price_data.csv,607.4837,566.9868,10000.0,0.0,0.0,49.7466,36691.5768,266.9158,26691.5768,113.5165,114.5164,266.3698,0.9999,27,30.0,988.5769,9.8655,0.977,0.3448,143.55
DCA every 28 days,2020_price_data.csv,607.4837,566.9868,10000.0,0.0,0.0,49.8649,36778.8393,267.7884,26778.8393,114.7568,116.0385,267.2407,1.2817,14,30.0,1912.7742,19.0886,0.9948,0.3417,143.55
DCA every 1.0 hour,2021_price_data.csv,2978.0852,503.2369,10000.0,0.0,0.0,7.0024,26025.4121,160.2541,16025.4121,247.2021,214.5984,160.3645,-32.6037,8760,30.0,1.8294,0.0183,1.2579,0.1224,1025.37
DCA every 1 day,2021_price_data.csv,2978.0852,503.2369,10000.0,0.0,0.0,6.9947,25996.6952,159.967,15996.6952,246.6288,214.1675,160.0771,-32.4613,365,30.0,43.8266,0.4386,1.2572,0.1222,1025.37
DCA every 7 days,2021_price_data.csv,2978.0852,503.2369,10000.0,0.0,0.0,6.9558,25852.1101,158.5211,15852.1101,244.0143,212.2932,158.6303,-31.7211,53,30.0,299.0964,2.993,1.2552,0.1208,1025.37
DCA every 14 days,2021_price_data.csv,2978.0852,503.2369,10000.0,0.0,0.0,6.9546,25847.6238,158.4762,15847.6238,243.4781,211.9855,158.5854,-31.4926,27,30.0,586.949,5.8735,1.254,0.1206,1025.37
DCA every 28 days,2021_price_data.csv,2978.0852,503.2369,10000.0,0.0,0.0,6.975,25923.3416,159.2334,15923.3416,245.171,214.2002,159.3431,-30.9708,14,30.0,1137.3815,11.3816,1.2661,0.1214,1025.37
DCA every 1.0 hour,2022_price_data.csv,-1919.3425,48.2828,10000.0,0.0,0.0,3.4208,6129.5936,-38.7041,-3870.4064,-62.8276,-61.3919,-89.2673,1.4356,3801,30.0,-1.0183,-0.0235,-0.4571,-0.4464,493.64
DCA every 1 day,2022_price_data.csv,-1919.3425,48.2828,10000.0,0.0,0.0,3.4239,6135.2816,-38.6472,-3864.7184,-62.3911,-61.006,-89.1361,1.3851,159,30.0,-24.3064,-0.5606,-0.4545,-0.4436,493.64
DCA every 7 days,2022_price_data.csv,-1919.3425,48.2828,10000.0,0.0,0.0,3.4521,6185.7579,-38.1424,-3814.2421,-59.2731,-58.2762,-87.972,0.9969,23,30.0,-165.8366,-3.8249,-0.4359,-0.4241,493.64
DCA every 14 days,2022_price_data.csv,-1919.3425,48.2828,10000.0,0.0,0.0,3.464,6207.1314,-37.9287,-3792.8686,-59.6654,-58.8687,-87.479,0.7967,12,30.0,-316.0724,-7.2899,-0.439,-0.4272,493.64
DCA every 28 days,2022_price_data.csv,-1919.3425,48.2828,10000.0,0.0,0.0,3.4711,6219.7593,-37.8024,-3780.2407,-52.2059,-47.0779,-87.1877,5.128,6,30.0,-630.0401,-14.5313,-0.3883,-0.3749,493.64
DCA every 1.0 hour,High-Low-1.csv,-1287.7728,9.2881,10000.0,0.0,0.0,25.8701,3411.1574,-65.8884,-6588.8426,-100.8963,-72.5934,-68.329,28.3029,8453,30.0,-0.7795,-0.0081,-0.5277,-0.5277,278.36
DCA every 1 day,High-Low-1.csv,-1287.7728,9.2881,10000.0,0.0,0.0,25.9311,3419.1954,-65.808,-6580.8046,-100.5626,-72.4585,-68.2456,28.1041,353,30.0,-18.6425,-0.1933,-0.5265,-0.5265,278.36
DCA every 7 days,High-Low-1.csv,-1287.7728,9.2881,10000.0,0.0,0.0,26.0865,3439.6867,-65.6031,-6560.3133,-100.7638,-72.3595,-68.0331,28.4043,51,30.0,-128.6336,-1.334,-0.5283,-0.5283,278.36
DCA every 14 days,High-Low-1.csv,-1287.7728,9.2881,10000.0,0.0,0.0,26.6117,3508.9365,-64.9106,-6491.0635,-99.2067,-71.169,-67.315,28.0377,26,30.0,-249.6563,-2.589,-0.5207,-0.5206,278.36
DCA every 28 days,High-Low-1.csv,-1287.7728,9.2881,10000.0,0.0,0.0,27.0926,3572.3504,-64.2765,-6427.6496,-96.7461,-71.2245,-66.6573,25.5216,13,30.0,-494.4346,-5.1275,-0.508,-0.508,278.36
DCA every 1.0 hour,High-Low-2.csv,-1384.5598,59.394,10000.0,0.0,0.0,3.7658,7626.3783,-23.7362,-2373.6217,-97.3092,-127.7814,-108.9552,-30.4722,1910,30.0,-1.2427,-0.057,-0.4306,-0.5717,633.59
DCA every 1 day,High-Low-2.csv,-1384.5598,59.394,10000.0,0.0,0.0,3.7698,7634.5567,-23.6544,-2365.4433,-97.7026,-127.8453,-108.5798,-30.1427,80,30.0,-29.568,-1.3572,-0.4337,-0.5754,633.59
DCA every 7 days,High-Low-2.csv,-1384.5598,59.394,10000.0,0.0,0.0,3.7972,7689.99,-23.1001,-2310.01,-99.1909,-126.7061,-106.0352,-27.5152,12,30.0,-192.5008,-8.8363,-0.4495,-0.5852,633.59
DCA every 14 days,High-Low-2.csv,-1384.5598,59.394,10000.0,0.0,0.0,3.68,7452.6438,-25.4736,-2547.3562,-102.3972,-133.2614,-116.93,-30.8642,6,30.0,-424.5594,-19.4883,-0.4616,-0.6037,633.59
DCA every 28 days,High-Low-2.csv,-1384.5598,59.394,10000.0,0.0,0.0,3.8214,7738.9371,-22.6106,-2261.0629,-73.0462,-104.9816,-103.7884,-31.9354,3,30.0,-753.6876,-34.5961,-0.3445,-0.439,633.59
DCA every 1.0 hour,High-Low-High-1.csv,1991.045,240.251,10000.0,0.0,0.0,30.4835,103969.3263,939.6933,93969.3263,-17.6857,-19.6444,284.4424,-1.9587,28960,30.0,3.2448,0.0098,-0.1655,-0.1633,503.92
DCA every 1 day,High-Low-High-1.csv,1991.045,240.251,10000.0,0.0,0.0,30.5068,104048.8671,940.4887,94048.8671,-17.6283,-19.6219,284.6831,-1.9936,1207,30.0,77.9195,0.2359,-0.1651,-0.1629,503.92
DCA every 7 days,High-Low-High-1.csv,1991.045,240.251,10000.0,0.0,0.0,30.4162,103739.8444,937.3984,93739.8444,-17.7091,-19.6361,283.7477,-1.927,173,30.0,541.8488,1.6402,-0.1659,-0.1636,503.92
DCA every 14 days,High-Low-High-1.csv,1991.045,240.251,10000.0,0.0,0.0,30.2224,103078.8199,930.7882,93078.8199,-17.708,-19.6339,281.7468,-1.9259,87,30.0,1069.8715,3.2385,-0.1662,-0.1637,503.92
DCA every 28 days,High-Low-High-1.csv,1991.045,240.251,10000.0,0.0,0.0,30.1398,102797.0769,927.9708,92797.0769,-17.2473,-19.1889,280.894,-1.9416,44,30.0,2109.0245,6.384,-0.1627,-0.1601,503.92
DCA every 1.0 hour,High-Low-High-2.csv,306.8907,109.0004,10000.0,0.0,0.0,3.1531,11719.0671,17.1907,1719.0671,2.9668,26.953,25.9581,23.9861,5806,30.0,0.2961,0.0045,-0.0002,-0.0002,823.2
DCA every 1 day,High-Low-High-2.csv,306.8907,109.0004,10000.0,0.0,0.0,3.1547,11724.6784,17.2468,1724.6784,3.0137,27.0384,26.0429,24.0247,242,30.0,7.1268,0.1076,0.0001,0.0001,823.2
DCA every 7 days,High-Low-High-2.csv,306.8907,109.0004,10000.0,0.0,0.0,3.1594,11742.398,17.424,1742.398,3.1904,27.3216,26.3104,24.1313,35,30.0,49.7828,0.7517,0.0014,0.0012,823.2
DCA every 14 days,High-Low-High-2.csv,306.8907,109.0004,10000.0,0.0,0.0,3.1042,11537.3124,15.3731,1537.3124,0.2483,22.8603,23.2136,22.612,18,30.0,85.4062,1.2896,-0.0202,-0.0176,823.2
DCA every 28 days,High-Low-High-2.csv,306.8907,109.0004,10000.0,0.0,0.0,3.2144,11946.8869,19.4689,1946.8869,8.3058,29.8385,29.3982,21.5327,9,30.0,216.3208,3.2665,0.0394,0.0337,823.2
DCA every 1.0 hour,Low-High-1.csv,3280.589,2621.8648,10000.0,0.0,0.0,44.9584,153338.3594,1433.3836,143338.3594,228.9603,140.8787,1070.3946,-88.0816,11739,30.0,12.2104,0.0912,0.9603,0.6563,682.82
DCA every 1 day,Low-High-1.csv,3280.589,2621.8648,10000.0,0.0,0.0,44.9195,153205.7791,1432.0578,143205.7791,228.7084,140.7004,1069.4045,-88.008,490,30.0,292.2567,2.1825,0.96,0.6556,682.82
DCA every 7 days,Low-High-1.csv,3280.589,2621.8648,10000.0,0.0,0.0,44.7988,152794.0673,1427.9407,142794.0673,227.2083,139.2828,1066.33,-87.9255,70,30.0,2039.9152,15.2333,0.9551,0.6581,682.82
DCA every 14 days,Low-High-1.csv,3280.589,2621.8648,10000.0,0.0,0.0,44.4626,151647.5046,1416.475,141647.5046,223.9309,136.571,1057.7679,-87.3599,35,30.0,4047.0716,30.2219,0.9458,0.6679,682.82
DCA every 28 days,Low-High-1.csv,3280.589,2621.8648,10000.0,0.0,0.0,44.5311,151881.1764,1418.8118,141881.1764,224.9004,137.1858,1059.5129,-87.7146,18,30.0,7882.2876,58.8618,0.9506,0.6493,682.82
DCA every 1.0 hour,Low-High-2.csv,1693.7571,183.7303,10000.0,0.0,0.0,3.4541,12837.6748,28.3767,2837.6748,177.2126,155.8713,63.8553,-21.3413,3896,30.0,0.7284,0.0164,0.9595,0.0406,637.56
DCA every 1 day,Low-High-2.csv,1693.7571,183.7303,10000.0,0.0,0.0,3.4485,12816.9341,28.1693,2816.9341,176.09,155.0786,63.3886,-21.0114,163,30.0,17.2818,0.3889,0.9551,0.0404,637.56
DCA every 7 days,Low-High-2.csv,1693.7571,183.7303,10000.0,0.0,0.0,3.413,12684.6834,26.8468,2684.6834,170.9295,150.3746,60.4126,-20.5549,24,30.0,111.8618,2.5172,0.9302,0.0392,637.56
DCA every 14 days,Low-High-2.csv,1693.7571,183.7303,10000.0,0.0,0.0,3.3563,12474.2918,24.7429,2474.2918,164.1215,143.361,55.6782,-20.7605,12,30.0,206.191,4.6399,0.8941,0.0376,637.56
DCA every 28 days,Low-High-2.csv,1693.7571,183.7303,10000.0,0.0,0.0,3.307,12290.8662,22.9087,2290.8662,157.8562,138.1748,51.5507,-19.6814,6,30.0,381.811,8.5918,0.8603,0.0361,637.56
DCA every 1.0 hour,Low-High-Low-1.csv,-5.4803,95.9216,10000.0,0.0,0.0,63.6376,8202.4627,-17.9754,-1797.5373,37.0307,19.2026,-18.0042,-17.8281,8752,30.0,-0.2054,-0.0021,0.3142,0.2488,50.43
DCA every 1 day,Low-High-Low-1.csv,-5.4803,95.9216,10000.0,0.0,0.0,63.6282,8201.2456,-17.9875,-1798.7544,36.9525,19.157,-18.0164,-17.7955,365,30.0,-4.9281,-0.0494,0.314,0.2481,50.43
DCA every 7 days,Low-High-Low-1.csv,-5.4803,95.9216,10000.0,0.0,0.0,63.4754,8181.5505,-18.1845,-1818.4495,36.7582,18.6169,-18.2137,-18.1413,53,30.0,-34.3104,-0.3437,0.3132,0.2463,50.43
DCA every 14 days,Low-High-Low-1.csv,-5.4803,95.9216,10000.0,0.0,0.0,63.7889,8221.9647,-17.7804,-1778.0353,37.3341,19.082,-17.8089,-18.2521,27,30.0,-65.8532,-0.6596,0.3202,0.2495,50.43
DCA every 28 days,Low-High-Low-1.csv,-5.4803,95.9216,10000.0,0.0,0.0,64.0426,8254.6626,-17.4534,-1745.3374,37.8759,19.1275,-17.4814,-18.7484,14,30.0,-124.667,-1.2487,0.3273,0.2533,50.43
DCA every 1.0 hour,Low-High-Low-2.csv,1286.6347,274.2121,10000.0,0.0,0.0,7.7848,15765.5502,57.6555,5765.5502,303.3429,258.4219,103.899,-44.921,4865,30.0,1.1851,0.0214,1.1692,0.1506,663.93
DCA every 1 day,Low-High-Low-2.csv,1286.6347,274.2121,10000.0,0.0,0.0,7.7693,15734.2034,57.342,5734.2034,302.0539,257.5032,103.3341,-44.5507,203,30.0,28.2473,0.509,1.1675,0.1499,663.93
DCA every 7 days,Low-High-Low-2.csv,1286.6347,274.2121,10000.0,0.0,0.0,7.7387,15672.166,56.7217,5672.166,297.1239,254.6103,102.2162,-42.5136,29,30.0,195.5919,3.5247,1.1649,0.1475,663.93
DCA every 14 days,Low-High-Low-2.csv,1286.6347,274.2121,10000.0,0.0,0.0,7.7523,15699.7979,56.998,5699.7979,295.674,253.4657,102.7141,-42.2083,15,30.0,379.9865,6.8476,1.1615,0.1467,663.93
DCA every 28 days,Low-High-Low-2.csv,1286.6347,274.2121,10000.0,0.0,0.0,7.8974,15993.7449,59.9374,5993.7449,298.8294,258.4069,108.0112,-40.4225,8,30.0,749.2181,13.5014,1.1792,0.1483,663.93
All in,2018-2021_price_data.csv,2963.4641,493.4676,10000.0,0.0,0.0,13.2375,49198.7214,391.9872,39198.7214,15.1579,-32.4973,97.9969,-47.6552,1,30.0,39198.7214,97.9969,0.0373,0.058,1194.43
All in,2018_price_data.csv,-618.9297,17.8229,10000.0,0.0,0.0,13.2375,1776.9463,-82.2305,-8223.0537,64.5244,-83.5344,-82.2872,-148.0588,1,30.0,-8223.0537,-82.2872,0.096,0.159,296.85
All in,2019-2021_price_data.csv,3582.2565,2765.8943,10000.0,0.0,0.0,74.1962,275759.6606,2657.5966,265759.6606,305.9733,110.5129,885.6646,-195.4604,1,30.0,265759.6606,885.6646,0.7567,0.6688,1334.9
All in,2019_price_data.csv,-4.2804,96.8145,10000.0,0.0,0.0,74.1962,9652.4098,-3.4759,-347.5902,80.4294,47.5267,-3.4783,-32.9027,1,30.0,-347.5902,-3.4783,0.2305,0.1512,50.43
All in,2020-2021_price_data.csv,3586.5442,2857.0597,10000.0,0.0,0.0,76.6417,284848.8491,2748.4885,274848.8491,791.4082,736.9563,1373.3069,-54.4519,1,30.0,274848.8491,1373.3069,1.2813,0.4911,1434.12
All in,2020_price_data.csv,607.4837,566.9868,10000.0,0.0,0.0,76.6417,56528.5886,465.2859,46528.5886,276.7639,248.2197,464.3342,-28.5442,1,30.0,46528.5886,464.3342,0.8082,0.1705,143.55
All in,2021_price_data.csv,2978.0852,503.2369,10000.0,0.0,0.0,13.4995,50172.7204,401.7272,40172.7204,703.5728,558.3692,402.0039,-145.2036,1,30.0,40172.7204,402.0039,1.0845,0.1051,1025.37
All in,2022_price_data.csv,-1919.3425,48.2828,10000.0,0.0,0.0,2.6864,4813.7964,-51.862,-5186.2036,-167.034,-123.4694,-119.615,43.5646,1,30.0,-5186.2036,-119.615,-0.3674,-0.3687,493.64
All in,High-Low-1.csv,-1287.7728,9.2881,10000.0,0.0,0.0,7.023,926.0261,-90.7397,-9073.9739,-256.3812,-140.8578,-94.1008,115.5233,1,30.0,-9073.9739,-94.1008,-0.3908,-0.3908,278.36
All in,High-Low-2.csv,-1384.5598,59.394,10000.0,0.0,0.0,2.924,5921.5787,-40.7842,-4078.4213,-164.6816,-235.7897,-187.2097,-71.1081,1,30.0,-4078.4213,-187.2097,-0.233,-0.2899,633.59
All in,High-Low-High-1.csv,1991.045,240.251,10000.0,0.0,0.0,7.023,23953.0252,139.5303,13953.0252,-102.9809,-52.7555,42.2354,50.2254,1,30.0,13953.0252,42.2354,-0.2843,-0.2745,503.92
All in,High-Low-High-2.csv,306.8907,109.0004,10000.0,0.0,0.0,2.924,10867.3415,8.6734,867.3415,-51.1436,-8.4256,13.097,42.718,1,30.0,867.3415,13.097,-0.1281,-0.123,823.2
All in,Low-High-1.csv,3280.589,2621.8648,10000.0,0.0,0.0,76.6417,261399.9238,2513.9992,251399.9238,470.9327,326.5255,1877.3559,-144.4072,1,30.0,251399.9238,1877.3559,1.0185,0.2915,682.82
All in,Low-High-2.csv,1693.7571,183.7303,10000.0,0.0,0.0,4.9286,18317.9086,83.1791,8317.9086,490.0416,396.7918,187.1754,-93.2498,1,30.0,8317.9086,187.1754,0.8082,0.0339,637.56
All in,Low-High-Low-1.csv,-5.4803,95.9216,10000.0,0.0,0.0,74.1962,9563.3837,-4.3662,-436.6163,80.5063,47.5654,-4.3732,-32.9409,1,30.0,-436.6163,-4.3732,0.2306,0.151,50.43
All in,Low-High-Low-2.csv,1286.6347,274.2121,10000.0,0.0,0.0,13.4995,27338.9508,173.3895,17338.9508,862.5143,695.5405,312.4593,-166.9737,1,30.0,17338.9508,312.4593,1.0341,0.129,663.93
All in top,2018-2021_price_data.csv,2963.4641,493.4676,10000.0,0.0,0.0,2.0502,7619.8851,-23.8011,-2380.1149,-0.129,0.0,-5.9503,0.129,1,30.0,-2380.1149,-5.9503,-4.3193,-2.227,1194.43
All in top,2018_price_data.csv,-618.9297,17.8229,10000.0,0.0,0.0,7.0139,941.5238,-90.5848,-9058.4762,-167.7571,-128.481,-90.6472,39.2761,1,30.0,-9058.4762,-90.6472,-1.6455,-1.6979,296.85
All in top,2019-2021_price_data.csv,3582.2565,2765.8943,10000.0,0.0,0.0,2.0502,7619.8851,-23.8011,-2380.1149,-0.2306,0.0,-7.9319,0.2306,1,30.0,-2380.1149,-7.9319,-2.8995,-1.7251,1334.9
All in top,2019_price_data.csv,-4.2804,96.8145,10000.0,0.0,0.0,27.3864,3562.7887,-64.3721,-6437.2113,-33.3444,-35.6801,-64.4164,-2.3357,1,30.0,-6437.2113,-64.4164,-1.0955,-3.4138,50.43
All in top,2020-2021_price_data.csv,3586.5442,2857.0597,10000.0,0.0,0.0,2.0502,7619.8851,-23.8011,-2380.1149,-0.5237,0.0,-11.8925,0.5237,1,30.0,-2380.1149,-11.8925,-1.7261,-1.2553,1434.12
All in top,2020_price_data.csv,607.4837,566.9868,10000.0,0.0,0.0,13.1802,9721.278,-2.7872,-278.722,-0.0091,0.0,-2.7815,0.0091,1,30.0,-278.722,-2.7815,-20.0349,-3.7757,143.55
All in top,2021_price_data.csv,2978.0852,503.2369,10000.0,0.0,0.0,2.0502,7619.8851,-23.8011,-2380.1149,-2.169,0.0,-23.8175,2.169,1,30.0,-2380.1149,-23.8175,-0.8993,-0.9198,1025.37
All in top,2022_price_data.csv,-1919.3425,48.2828,10000.0,0.0,0.0,2.5639,4594.2564,-54.0574,-5405.7436,-202.7909,-131.5867,-124.6785,71.2042,1,30.0,-5405.7436,-124.6785,-1.0869,-1.0889,493.64
All in top,High-Low-1.csv,-1287.7728,9.2881,10000.0,0.0,0.0,7.0139,924.8359,-90.7516,-9075.1641,-250.9941,-140.9121,-94.1131,110.082,1,30.0,-9075.1641,-94.1131,-0.6563,-0.6562,278.36
All in top,High-Low-2.csv,-1384.5598,59.394,10000.0,0.0,0.0,2.2822,4621.8177,-53.7818,-5378.1823,-392.7168,-384.6212,-246.872,8.0956,1,30.0,-5378.1823,-246.872,-1.819,-2.1781,633.59
All in top,High-Low-High-1.csv,1991.045,240.251,10000.0,0.0,0.0,2.8889,9853.2375,-1.4676,-146.7625,-0.0004,0.0,-0.4442,0.0004,1,30.0,-146.7625,-0.4442,-123.2009,-6.7439,503.92
All in top,High-Low-High-2.csv,306.8907,109.0004,10000.0,0.0,0.0,2.0502,7619.8851,-23.8011,-2380.1149,-5.1133,0.0,-35.94,5.1133,1,30.0,-2380.1149,-35.94,-0.7673,-0.9565,823.2
All in top,Low-High-1.csv,3280.589,2621.8648,10000.0,0.0,0.0,2.8889,9853.2375,-1.4676,-146.7625,-0.0026,0.0,-1.096,0.0026,1,30.0,-146.7625,-1.096,-32.2094,-2.8651,682.82
All in top,Low-High-2.csv,1693.7571,183.7303,10000.0,0.0,0.0,2.0502,7619.8851,-23.8011,-2380.1149,-11.9996,0.0,-53.559,11.9996,1,30.0,-2380.1149,-53.559,-0.7901,-1.1777,637.56
All in top,Low-High-Low-1.csv,-5.4803,95.9216,10000.0,0.0,0.0,27.3864,3529.9284,-64.7007,-6470.0716,-33.3158,-35.3147,-64.8046,-1.9989,1,30.0,-6470.0716,-64.8046,-1.0945,-3.4081,50.43
All in top,Low-High-Low-2.csv,1286.6347,274.2121,10000.0,0.0,0.0,2.2822,4621.8177,-53.7818,-5378.1823,-34.2665,0.0,-96.9184,34.2665,1,30.0,-5378.1823,-96.9184,-0.7751,-1.7937,663.93
All in bottom,2018-2021_price_data.csv,2963.4641,493.4676,10000.0,0.0,0.0,121.8823,452991.5017,4429.915,442991.5017,275.8123,76.4979,1107.4798,-199.3144,1,30.0,442991.5017,1107.4798,0.6796,None,1194.43
All in bottom,2018_price_data.csv,-618.9297,17.8229,10000.0,0.0,0.0,121.8823,16361.0261,63.6103,6361.0261,2.0057,0.0,63.6541,-2.0057,1,30.0,6361.0261,63.6541,-0.0959,None,296.85
All in bottom,2019-2021_price_data.csv,3582.2565,2765.8943,10000.0,0.0,0.0,111.6911,415114.4376,4051.1444,405114.4376,431.619,111.2671,1350.0751,-320.3519,1,30.0,405114.4376,1350.0751,0.7621,None,1334.9
All in bottom,2019_price_data.csv,-4.2804,96.8145,10000.0,0.0,0.0,98.3973,12800.8067,28.0081,2800.8067,165.6671,152.5021,28.0274,-13.165,1,30.0,2800.8067,28.0274,1.37,None,50.43
All in bottom,2020-2021_price_data.csv,3586.5442,2857.0597,10000.0,0.0,0.0,111.6911,415114.4376,4051.1444,405114.4376,1134.9504,724.9062,2024.1906,-410.0442,1,30.0,405114.4376,2024.1906,1.2838,None,1434.12
All in bottom,2020_price_data.csv,607.4837,566.9868,10000.0,0.0,0.0,111.6911,82379.9476,723.7995,72379.9476,335.0496,369.7091,722.319,34.6595,1,30.0,72379.9476,722.319,1.6711,None,143.55
All in bottom,2021_price_data.csv,2978.0852,503.2369,10000.0,0.0,0.0,13.9127,51708.4667,417.0847,41708.4667,749.7793,582.0497,417.3719,-167.7296,1,30.0,41708.4667,417.3719,1.3392,None,1025.37
All in bottom,2022_price_data.csv,-1919.3425,48.2828,10000.0,0.0,0.0,5.8224,10433.1233,4.3312,433.1233,1.1804,0.0,9.9896,-1.1804,1,30.0,433.1233,9.9896,-0.3685,None,493.64
All in bottom,High-Low-1.csv,-1287.7728,9.2881,10000.0,0.0,0.0,121.8823,16071.0376,60.7104,6071.0376,2.0928,0.0,62.9591,-2.0928,1,30.0,6071.0376,62.9591,-0.0843,None,278.36
All in bottom,High-Low-2.csv,-1384.5598,59.394,10000.0,0.0,0.0,5.8414,11829.8944,18.2989,1829.8944,42.6649,0.0,83.9967,-42.6649,1,30.0,1829.8944,83.9967,0.6124,None,633.59
All in bottom,High-Low-High-1.csv,1991.045,240.251,10000.0,0.0,0.0,121.8823,415700.9739,4057.0097,405700.9739,123.4906,66.9272,1228.0448,-56.5634,1,30.0,405700.9739,1228.0448,0.6262,None,503.92
All in bottom,High-Low-High-2.csv,306.8907,109.0004,10000.0,0.0,0.0,5.8414,21710.3425,117.1034,11710.3425,187.5952,218.6402,176.8276,31.045,1,30.0,11710.3425,176.8276,1.5709,None,823.2
All in bottom,Low-High-1.csv,3280.589,2621.8648,10000.0,0.0,0.0,111.6911,380941.9721,3709.4197,370941.9721,645.1044,416.5456,2770.0489,-228.5588,1,30.0,370941.9721,2770.0489,1.0967,None,682.82
All in bottom,Low-High-2.csv,1693.7571,183.7303,10000.0,0.0,0.0,4.9843,18524.6756,85.2468,8524.6756,501.403,403.5397,191.8282,-97.8633,1,30.0,8524.6756,191.8282,1.6972,None,637.56
All in bottom,Low-High-Low-1.csv,-5.4803,95.9216,10000.0,0.0,0.0,98.3973,12682.7423,26.8274,2682.7423,165.7933,152.6088,26.8705,-13.1845,1,30.0,2682.7423,26.8705,1.3713,None,50.43
All in bottom,Low-High-Low-2.csv,1286.6347,274.2121,10000.0,0.0,0.0,13.9127,28175.774,181.7577,18175.774,930.0985,730.4357,327.5394,-199.6628,1,30.0,18175.774,327.5394,1.3343,None,663.93
